{"architecture":"ppc64le","config":{"Hostname":"","Domainname":"","User":"","AttachStdin":false,"AttachStdout":false,"AttachStderr":false,"ExposedPorts":{"8888/tcp":{}},"Tty":false,"OpenStdin":false,"StdinOnce":false,"Env":["PATH=/usr/local/sbin:/usr/local/bin:/usr/sbin:/usr/bin:/sbin:/bin","LANG=C.UTF-8"],"Cmd":["bash","-c","source /etc/bash.bashrc \u0026\u0026 jupyter notebook --notebook-dir=/tf --ip 0.0.0.0 --no-browser --allow-root"],"ArgsEscaped":true,"Image":"sha256:d27c0b12dfa9a920f06c3caa1f362435c61a480ec508861adcc9d3ab1f25b3b7","Volumes":null,"WorkingDir":"/tf","Entrypoint":null,"OnBuild":null,"Labels":null},"container":"1b898cf5e3e95bfabef380d6da1b3d3589d8106557e50581f1675c5cfe527174","container_config":{"Hostname":"","Domainname":"","User":"","AttachStdin":false,"AttachStdout":false,"AttachStderr":false,"ExposedPorts":{"8888/tcp":{}},"Tty":false,"OpenStdin":false,"StdinOnce":false,"Env":["PATH=/usr/local/sbin:/usr/local/bin:/usr/sbin:/usr/bin:/sbin:/bin","LANG=C.UTF-8"],"Cmd":["/bin/sh","-c","pip install pandas"],"Image":"sha256:d27c0b12dfa9a920f06c3caa1f362435c61a480ec508861adcc9d3ab1f25b3b7","Volumes":null,"WorkingDir":"/tf","Entrypoint":null,"OnBuild":null,"Labels":null},"created":"2020-04-14T19:23:44.64729405Z","docker_version":"19.03.5","history":[{"created":"2020-03-20T19:22:18.705325762Z","created_by":"/bin/sh -c #(nop) ADD file:226ecdf321a0fde3bea0d6e88db018b3d077f676a1f1e06942217ebb26a02301 in / "},{"created":"2020-03-20T19:22:26.782518354Z","created_by":"/bin/sh -c [ -z \"$(apt-get indextargets)\" ]"},{"created":"2020-03-20T19:22:33.108316087Z","created_by":"/bin/sh -c set -xe \t\t\u0026\u0026 echo '#!/bin/sh' \u003e /usr/sbin/policy-rc.d \t\u0026\u0026 echo 'exit 101' \u003e\u003e /usr/sbin/policy-rc.d \t\u0026\u0026 chmod +x /usr/sbin/policy-rc.d \t\t\u0026\u0026 dpkg-divert --local --rename --add /sbin/initctl \t\u0026\u0026 cp -a /usr/sbin/policy-rc.d /sbin/initctl \t\u0026\u0026 sed -i 's/^exit.*/exit 0/' /sbin/initctl \t\t\u0026\u0026 echo 'force-unsafe-io' \u003e /etc/dpkg/dpkg.cfg.d/docker-apt-speedup \t\t\u0026\u0026 echo 'DPkg::Post-Invoke { \"rm -f /var/cache/apt/archives/*.deb /var/cache/apt/archives/partial/*.deb /var/cache/apt/*.bin || true\"; };' \u003e /etc/apt/apt.conf.d/docker-clean \t\u0026\u0026 echo 'APT::Update::Post-Invoke { \"rm -f /var/cache/apt/archives/*.deb /var/cache/apt/archives/partial/*.deb /var/cache/apt/*.bin || true\"; };' \u003e\u003e /etc/apt/apt.conf.d/docker-clean \t\u0026\u0026 echo 'Dir::Cache::pkgcache \"\"; Dir::Cache::srcpkgcache \"\";' \u003e\u003e /etc/apt/apt.conf.d/docker-clean \t\t\u0026\u0026 echo 'Acquire::Languages \"none\";' \u003e /etc/apt/apt.conf.d/docker-no-languages \t\t\u0026\u0026 echo 'Acquire::GzipIndexes \"true\"; Acquire::CompressionTypes::Order:: \"gz\";' \u003e /etc/apt/apt.conf.d/docker-gzip-indexes \t\t\u0026\u0026 echo 'Apt::AutoRemove::SuggestsImportant \"false\";' \u003e /etc/apt/apt.conf.d/docker-autoremove-suggests"},{"created":"2020-03-20T19:22:40.95630347Z","created_by":"/bin/sh -c mkdir -p /run/systemd \u0026\u0026 echo 'docker' \u003e /run/systemd/container"},{"created":"2020-03-20T19:22:44.530384262Z","created_by":"/bin/sh -c #(nop)  CMD [\"/bin/bash\"]","empty_layer":true},{"created":"2020-03-23T10:24:41.840342428Z","created_by":"/bin/sh -c apt-get update \u0026\u0026 apt-get install -y curl"},{"created":"2020-03-23T10:24:45.231071968Z","created_by":"/bin/sh -c #(nop)  ARG USE_PYTHON_3_NOT_2","empty_layer":true},{"created":"2020-03-23T10:24:49.057463139Z","created_by":"/bin/sh -c #(nop)  ARG _PY_SUFFIX=3","empty_layer":true},{"created":"2020-03-23T10:24:50.786755482Z","created_by":"/bin/sh -c #(nop)  ARG PYTHON=python3","empty_layer":true},{"created":"2020-03-23T10:24:52.144836023Z","created_by":"/bin/sh -c #(nop)  ARG PIP=pip3","empty_layer":true},{"created":"2020-03-23T10:24:54.925721799Z","created_by":"/bin/sh -c #(nop)  ENV LANG=C.UTF-8","empty_layer":true},{"created":"2020-03-23T10:28:49.490543965Z","created_by":"|4 PIP=pip3 PYTHON=python3 USE_PYTHON_3_NOT_2=True _PY_SUFFIX=3 /bin/sh -c apt-get update \u0026\u0026 apt-get install -y     ${PYTHON}     ${PYTHON}-pip"},{"created":"2020-03-23T10:29:07.945454068Z","created_by":"|4 PIP=pip3 PYTHON=python3 USE_PYTHON_3_NOT_2=True _PY_SUFFIX=3 /bin/sh -c ${PIP} --no-cache-dir install --upgrade     pip     setuptools"},{"created":"2020-03-23T10:29:15.087779763Z","created_by":"|4 PIP=pip3 PYTHON=python3 USE_PYTHON_3_NOT_2=True _PY_SUFFIX=3 /bin/sh -c ln -s $(which ${PYTHON}) /usr/local/bin/python"},{"created":"2020-03-23T10:29:51.781903163Z","created_by":"|4 PIP=pip3 PYTHON=python3 USE_PYTHON_3_NOT_2=True _PY_SUFFIX=3 /bin/sh -c apt-get update \u0026\u0026 apt-get install -y     pkg-config     libfreetype6-dev     libzmq3-dev"},{"created":"2020-03-23T10:35:56.542017607Z","created_by":"|4 PIP=pip3 PYTHON=python3 USE_PYTHON_3_NOT_2=True _PY_SUFFIX=3 /bin/sh -c ${PIP} install jupyter matplotlib"},{"created":"2020-03-23T10:36:14.790064782Z","created_by":"|4 PIP=pip3 PYTHON=python3 USE_PYTHON_3_NOT_2=True _PY_SUFFIX=3 /bin/sh -c mkdir -p /tf/tensorflow-tutorials \u0026\u0026 chmod -R a+rwx /tf/"},{"created":"2020-03-23T10:36:23.068531114Z","created_by":"|4 PIP=pip3 PYTHON=python3 USE_PYTHON_3_NOT_2=True _PY_SUFFIX=3 /bin/sh -c mkdir /.local \u0026\u0026 chmod a+rwx /.local"},{"created":"2020-03-23T10:36:38.460910351Z","created_by":"|4 PIP=pip3 PYTHON=python3 USE_PYTHON_3_NOT_2=True _PY_SUFFIX=3 /bin/sh -c apt-get update \u0026\u0026 apt-get install -y --no-install-recommends wget"},{"created":"2020-03-23T10:36:40.952904704Z","created_by":"/bin/sh -c #(nop) WORKDIR /tf/tensorflow-tutorials","empty_layer":true},{"created":"2020-03-23T10:36:49.422485587Z","created_by":"|4 PIP=pip3 PYTHON=python3 USE_PYTHON_3_NOT_2=True _PY_SUFFIX=3 /bin/sh -c wget https://raw.githubusercontent.com/tensorflow/docs/master/site/en/tutorials/keras/classification.ipynb"},{"created":"2020-03-23T10:36:55.310065873Z","created_by":"|4 PIP=pip3 PYTHON=python3 USE_PYTHON_3_NOT_2=True _PY_SUFFIX=3 /bin/sh -c wget https://raw.githubusercontent.com/tensorflow/docs/master/site/en/tutorials/keras/overfit_and_underfit.ipynb"},{"created":"2020-03-23T10:37:03.363943773Z","created_by":"|4 PIP=pip3 PYTHON=python3 USE_PYTHON_3_NOT_2=True _PY_SUFFIX=3 /bin/sh -c wget https://raw.githubusercontent.com/tensorflow/docs/master/site/en/tutorials/keras/regression.ipynb"},{"created":"2020-03-23T10:37:16.05076099Z","created_by":"|4 PIP=pip3 PYTHON=python3 USE_PYTHON_3_NOT_2=True _PY_SUFFIX=3 /bin/sh -c wget https://raw.githubusercontent.com/tensorflow/docs/master/site/en/tutorials/keras/save_and_load.ipynb"},{"created":"2020-03-23T10:37:24.423935982Z","created_by":"|4 PIP=pip3 PYTHON=python3 USE_PYTHON_3_NOT_2=True _PY_SUFFIX=3 /bin/sh -c wget https://raw.githubusercontent.com/tensorflow/docs/master/site/en/tutorials/keras/text_classification.ipynb"},{"created":"2020-03-23T10:37:29.895782572Z","created_by":"|4 PIP=pip3 PYTHON=python3 USE_PYTHON_3_NOT_2=True _PY_SUFFIX=3 /bin/sh -c wget https://raw.githubusercontent.com/tensorflow/docs/master/site/en/tutorials/keras/text_classification_with_hub.ipynb"},{"created":"2020-03-23T10:37:40.592795101Z","created_by":"|4 PIP=pip3 PYTHON=python3 USE_PYTHON_3_NOT_2=True _PY_SUFFIX=3 /bin/sh -c apt-get autoremove -y \u0026\u0026 apt-get remove -y wget"},{"created":"2020-03-23T10:37:43.216032417Z","created_by":"/bin/sh -c #(nop) WORKDIR /tf","empty_layer":true},{"created":"2020-03-23T10:37:45.112899614Z","created_by":"/bin/sh -c #(nop)  EXPOSE 8888","empty_layer":true},{"created":"2020-03-23T10:39:00.935954126Z","created_by":"|4 PIP=pip3 PYTHON=python3 USE_PYTHON_3_NOT_2=True _PY_SUFFIX=3 /bin/sh -c apt-get update \u0026\u0026 apt-get install -y wget libhdf5-dev liblapack-dev gfortran"},{"created":"2020-03-23T10:49:46.049592486Z","created_by":"|4 PIP=pip3 PYTHON=python3 USE_PYTHON_3_NOT_2=True _PY_SUFFIX=3 /bin/sh -c ${PIP} --no-cache-dir install --upgrade             astor             absl-py             gast             termcolor             protobuf             keras-applications             grpcio             keras-preprocessing             mock             werkzeug             markdown             pbr             h5py             pybind11"},{"created":"2020-03-23T10:49:57.553945654Z","created_by":"/bin/sh -c #(nop)  ARG CACHE_STOP=1","empty_layer":true},{"created":"2020-03-23T10:50:06.585356296Z","created_by":"/bin/sh -c #(nop)  ARG BASE_URL=https://powerci.osuosl.org/job/TensorFlow_PPC64LE_CPU_Nightly_Artifact/lastSuccessfulBuild/","empty_layer":true},{"created":"2020-03-27T10:45:50.847550885Z","created_by":"|6 BASE_URL=https://powerci.osuosl.org/job/TensorFlow_PPC64LE_CPU_Nightly_Artifact/lastSuccessfulBuild/ CACHE_STOP=1585304939 PIP=pip3 PYTHON=python3 USE_PYTHON_3_NOT_2=True _PY_SUFFIX=3 /bin/sh -c MAJOR=`${PYTHON} -c 'import sys; print(sys.version_info[0])'`;     MINOR=`${PYTHON} -c 'import sys; print(sys.version_info[1])'`;     PACKAGE=$(wget --no-verbose -qO- ${BASE_URL}\"api/xml?xpath=//fileName\u0026wrapper=artifacts\" | grep -o \"[^\u003c\u003e]*cp${MAJOR}${MINOR}[^\u003c\u003e]*.whl\");     wget --no-verbose ${BASE_URL}\"artifact/tensorflow_pkg/\"${PACKAGE};     ${PIP} install ${PACKAGE}"},{"created":"2020-03-27T10:46:22.379283857Z","created_by":"|6 BASE_URL=https://powerci.osuosl.org/job/TensorFlow_PPC64LE_CPU_Nightly_Artifact/lastSuccessfulBuild/ CACHE_STOP=1585304939 PIP=pip3 PYTHON=python3 USE_PYTHON_3_NOT_2=True _PY_SUFFIX=3 /bin/sh -c ${PYTHON} -m ipykernel.kernelspec"},{"created":"2020-03-27T10:46:24.105713638Z","created_by":"/bin/sh -c #(nop) COPY file:3c8b261ba929b9ecd90cd52ad2419b137ed5388a5cdc8d7e6509cced2f433dd8 in /etc/bash.bashrc "},{"created":"2020-03-27T10:46:31.437881579Z","created_by":"|6 BASE_URL=https://powerci.osuosl.org/job/TensorFlow_PPC64LE_CPU_Nightly_Artifact/lastSuccessfulBuild/ CACHE_STOP=1585304939 PIP=pip3 PYTHON=python3 USE_PYTHON_3_NOT_2=True _PY_SUFFIX=3 /bin/sh -c chmod a+rwx /etc/bash.bashrc"},{"created":"2020-03-27T10:46:37.539052538Z","created_by":"/bin/sh -c #(nop)  CMD [\"bash\" \"-c\" \"source /etc/bash.bashrc \u0026\u0026 jupyter notebook --notebook-dir=/tf --ip 0.0.0.0 --no-browser --allow-root\"]","empty_layer":true},{"created":"2020-04-14T19:23:44.64729405Z","created_by":"/bin/sh -c pip install pandas"}],"os":"linux","rootfs":{"type":"layers","diff_ids":["sha256:8985a87e8260364b838228f96e3c3c5ddf19589d43884324fcaab8ec6f4c4092","sha256:a21fc2a7a9670c138b92d5b27098289b0338ec72db60d0485793a48050bde411","sha256:f88ca650a8aa8c49b8b9dc4a2c0a2d2f27c4f017d920823f6771d9baa37ed0d0","sha256:29560af93f319a7d80b8a0221e4507d7361a12d56e79ae4327a04508103ce917","sha256:e031c2c606d87a380851060fa2d0b7274f8a9f2abf263cd2181a34346ca0a924","sha256:c0cc0df3bc85671cdc13204ff2c6e5cd0cbd47df17850bde009c34dbfa633e6b","sha256:c1f3aae65b18bf58c077405f71d64e38633229fd531b975cc331d6118028e777","sha256:af019360d6d5b8f72924d22ffa6d977daa26579012d810ef6bf3b47abc3c8952","sha256:4fa9b8aacdd70bd669b1144917e3dd2f2bf964e7a3449709b24764203de412e9","sha256:556f444aba6a2a4f83abcd00f13574da3a11f971b3df546f6c01680109dbb7be","sha256:0b133ea79803b426efd302c82e46279f76ad1bf7303f8a683c12afaf1a5c7413","sha256:1d987a069023a3be216b0e94f0d871a3455da9d01a67bba42cd316a4e3d5dea5","sha256:f5730e5ba3092e4d9598fafcf0d19af82d70e8d6528aadea357690117633881a","sha256:ad9cfda4a4e0a993cb4375023f5f164ac8a436052691ab6b5ec11ebc3c9b7f81","sha256:358153bb825a3269ec296abd6d581b88e4775fbf922ca37215b6f25a5416af3a","sha256:5b09fefb53cc19e381bc4669e59511613e46c2b9deaaae3835b7a2762f91b8cf","sha256:83a70779a98050c80ef00e2d77b30fb2d993ebf41c402be3da0d1ad930cd007f","sha256:3ab5ab56292cfdaa01045919d8bfaf5d5a498a7e5ef83296991625a1aad66999","sha256:f9b6150fc79180ccee710b6d733119978798a3f41e978aec8ab6dfcf309c682a","sha256:52b39572bc0fe7389babc8c1db1b0381d8e22f34123154a85dfd143128f90e9e","sha256:812f08d89640b1cb7921c4e1a01dbd23c662ae10805f51288e1b904074ffe486","sha256:3516bdf949e241efbda82337249bfd75529701fb3d76db8775c61ed22628bd24","sha256:79f7b7045747de180ebdb469844735b2de3205787caf03973e61cc0578ce5982","sha256:b47a21f7e86790a6890aa5fc5790c180f161ca7bd8ccda8aa906b386d8a7f579","sha256:f277ad78d840f67151573935746b9ed711d3cb16d99200f210122750590d0fcf","sha256:2159d40666583904740a6b8c3380e0365d81d0a2b9cf921f5229be4417c0c454","sha256:4aeb9b9a1c685ceb7083406868262b55fcb6a1d9f2d2a6bcefb76abf06220c99"]}}